Plate Number,Timestamp,Image Path,Confidence
HII१४IP१४२९,2026-02-20 18:36:53,plates/HII१४IP१४२९_1771592813.jpg
HH१4JR१४3,2026-02-20 18:36:53,plates/HH१4JR१४3_1771592813.jpg
JR१४३६,2026-02-20 18:36:54,plates/JR१४३६_1771592814.jpg
NH]4JR१४J६,2026-02-20 18:36:54,plates/NH]4JR१४J६_1771592814.jpg
H]4JR१४J६,2026-02-20 18:36:55,plates/H]4JR१४J६_1771592815.jpg
NHT4JR1४३६,2026-02-20 18:37:03,plates/NHT4JR1४३६_1771592823.jpg
IH१4JR1४३६,2026-02-20 18:37:03,plates/IH१4JR1४३६_1771592823.jpg
HH१4JR१४३६,2026-02-20 18:37:04,plates/HH१4JR१४३६_1771592824.jpg
IH१4JR१४३६,2026-02-20 18:37:05,plates/IH१4JR१४३६_1771592825.jpg
H14JR1४३६,2026-02-20 18:37:05,plates/H14JR1४३६_1771592825.jpg
NH१4JR१४३६,2026-02-20 18:37:06,plates/NH१4JR१४३६_1771592826.jpg
NH14JR1४३६,2026-02-20 18:37:08,plates/NH14JR1४३६_1771592828.jpg
NHT4JR१४३६,2026-02-20 18:37:08,plates/NHT4JR१४३६_1771592828.jpg
NHI4JR१४३६,2026-02-20 18:37:10,plates/NHI4JR१४३६_1771592830.jpg
|10)R1436,2026-02-20 18:37:11,plates/|10)R1436_1771592831.jpg
H14JR१४३६,2026-02-20 18:37:12,plates/H14JR१४३६_1771592832.jpg
१४JR1४३६,2026-02-20 18:37:14,plates/१४JR1४३६_1771592834.jpg
|14JR1436,2026-02-20 18:37:15,plates/|14JR1436_1771592835.jpg
NH48CT8173,2026-02-20 18:37:29,plates/NH48CT8173_1771592849.jpg
NH48CT81७3,2026-02-20 18:37:29,plates/NH48CT81७3_1771592849.jpg
HH48CT8173,2026-02-20 18:37:32,plates/HH48CT8173_1771592852.jpg
NH14UR१४३६,2026-02-20 19:08:35,plates/NH14UR१४३६_1771594715.jpg,0.2292783511996182
IIHTAUR1U७६,2026-02-20 19:08:36,plates/IIHTAUR1U७६_1771594716.jpg,0.023848568759632607
IH१४JR१४३६,2026-02-20 19:08:37,plates/IH१४JR१४३६_1771594717.jpg,0.3808312762548522
HH१४JR१४३६,2026-02-20 19:08:38,plates/HH१४JR१४३६_1771594718.jpg,0.26162869056872634
NH१४JR१४३६,2026-02-20 19:08:38,plates/NH१४JR१४३६_1771594718.jpg,0.44988236545448784
NH१4JR१४३६,2026-02-20 19:08:40,plates/NH१4JR१४३६_1771594720.jpg,0.5116731987348283
IH१4JR१४३६,2026-02-20 19:08:40,plates/IH१4JR१४३६_1771594720.jpg,0.353371789207976
NH१४JR१४J६,2026-02-20 19:08:42,plates/NH१४JR१४J६_1771594722.jpg,0.34435789586773397
NH१4JR१४J६,2026-02-20 19:08:43,plates/NH१4JR१४J६_1771594723.jpg,0.23241940665336813
MNIMIAIT,2026-02-20 19:08:51,plates/MNIMIAIT_1771594731.jpg,0.11305577481053913
H1AJNTAJ,2026-02-20 19:08:52,plates/H1AJNTAJ_1771594732.jpg,0.07252521416920502
N14UR140,2026-02-20 19:08:53,plates/N14UR140_1771594733.jpg,0.10377320387195323
NHTAJR१ID6,2026-02-20 19:08:54,plates/NHTAJR१ID6_1771594734.jpg,0.03581353279679727
IHIORTIDठ,2026-02-20 19:08:55,plates/IHIORTIDठ_1771594735.jpg,0.015122250430463082
TI1ADR1०D६,2026-02-20 19:08:56,plates/TI1ADR1०D६_1771594736.jpg,0.047274448385109864
TIHADRTODउ,2026-02-20 19:08:56,plates/TIHADRTODउ_1771594736.jpg,0.12486812602292667
TITADR१०D6,2026-02-20 19:08:57,plates/TITADR१०D6_1771594737.jpg,0.057736831529835185
:10.16!:,2026-02-20 19:08:58,plates/:10.16!:_1771594738.jpg,0.09003907147216988
IIIAUR१UD६,2026-02-20 19:08:59,plates/IIIAUR१UD६_1771594739.jpg,0.04029242849387582
IMUDOD,2026-02-20 19:09:00,plates/IMUDOD_1771594740.jpg,0.02710131844639061
|1#14]911]6,2026-02-20 19:09:02,plates/|1#14]911]6_1771594742.jpg,0.04312661567322128
M14JR१४३६,2026-02-20 19:09:06,plates/M14JR१४३६_1771594746.jpg,0.3946325217157754
{N14JR1४३६,2026-02-20 19:09:07,plates/{N14JR1४३६_1771594747.jpg,0.0654499728955973
NH1४JR१४३६,2026-02-20 19:09:13,plates/NH1४JR१४३६_1771594753.jpg,0.3743965140833535
१४JR१४३६,2026-02-20 19:09:25,plates/१४JR१४३६_1771594765.jpg,0.47030041411272683
NH१4JR१४3,2026-02-20 19:09:27,plates/NH१4JR१४3_1771594767.jpg,0.37871288477877635
MIIOM0,2026-02-20 19:11:48,plates/MIIOM0_1771594908.jpg,0.011241634700950893
NHI4JR१४३६,2026-02-20 19:11:49,plates/NHI4JR१४३६_1771594909.jpg,0.2676790587949092
NHA४JR१४J६,2026-02-20 19:11:50,plates/NHA४JR१४J६_1771594910.jpg,0.13295375338916426
NHI४JR१४J६,2026-02-20 19:11:51,plates/NHI४JR१४J६_1771594911.jpg,0.16759623510072355
IHJ4JR१४J६,2026-02-20 19:11:52,plates/IHJ4JR१४J६_1771594912.jpg,0.09578003459979889
NHI४JR१४३६,2026-02-20 19:11:52,plates/NHI४JR१४३६_1771594912.jpg,0.1368511308279015
IHI४JR1४३६,2026-02-20 19:11:53,plates/IHI४JR1४३६_1771594913.jpg,0.11668581257402869
NHIUJR१४J६,2026-02-20 19:11:54,plates/NHIUJR१४J६_1771594914.jpg,0.11001934365273136
१!JR1436,2026-02-20 19:11:55,plates/१!JR1436_1771594915.jpg,0.057017597405503474
IND,2026-02-21 01:55:48,plates/IND_1771619148.jpg,0.995926022529602
IND,2026-02-21 01:58:42,plates/IND_1771619322.jpg,0.995926022529602
IND,2026-02-21 02:01:34,plates/IND_1771619494.jpg,0.9999241546673724
_`ह`[5989,2026-02-21 02:03:48,plates/_`ह`[5989_1771619628.jpg,0.04991405423207721
IHOSCL5९८9,2026-02-21 02:03:50,plates/IHOSCL5९८9_1771619630.jpg,0.15218265132279032
NHO6CL5989,2026-02-21 02:03:50,plates/NHO6CL5989_1771619630.jpg,0.752053628253827
HHOSCL5989,2026-02-21 02:03:51,plates/HHOSCL5989_1771619631.jpg,0.3610581256173342
IHOSCL5९89,2026-02-21 02:03:52,plates/IHOSCL5९89_1771619632.jpg,0.2751425195404885
HHO6CL59८9,2026-02-21 02:03:52,plates/HHO6CL59८9_1771619632.jpg,0.23085166825518508
HH06CL5989,2026-02-21 02:03:53,plates/HH06CL5989_1771619633.jpg,0.2779929391801154
HN06CL5989,2026-02-21 02:03:54,plates/HN06CL5989_1771619634.jpg,0.08078828904947458
NH06CL5989,2026-02-21 02:03:55,plates/NH06CL5989_1771619635.jpg,0.287835807107544
NH0SCL5989,2026-02-21 02:03:56,plates/NH0SCL5989_1771619636.jpg,0.3363165466471552
"""+06CL5989",2026-02-21 02:03:57,"plates/""+06CL5989_1771619637.jpg",0.0663457161862874
HHOSCL5९89,2026-02-21 02:03:57,plates/HHOSCL5९89_1771619637.jpg,0.31179840261385816
IHO6CL5989,2026-02-21 02:03:58,plates/IHO6CL5989_1771619638.jpg,0.13780105809242735
HH08CL5989,2026-02-21 02:03:59,plates/HH08CL5989_1771619639.jpg,0.3716968167383349
HHO6CL5९८९,2026-02-21 02:04:00,plates/HHO6CL5९८९_1771619640.jpg,0.24398522057929833
"""<-_5939",2026-02-21 02:04:01,"plates/""<-_5939_1771619641.jpg",0.06857543946194244
HHOSUL5९89,2026-02-21 02:04:02,plates/HHOSUL5९89_1771619642.jpg,0.2527467838772127
IND,2026-02-21 02:09:44,plates/IND_1771619984.jpg,0.9999241546673724
NH47३-१`२8,2026-02-21 02:13:02,plates/NH47३-१`२8_1771620182.jpg,0.04951207560190889
IH47BF१००८,2026-02-21 02:13:08,plates/IH47BF१००८_1771620188.jpg,0.23523605287446345
NHA7BF१००८,2026-02-21 02:13:09,plates/NHA7BF१००८_1771620189.jpg,0.5324199714402522
NHA7BF,2026-02-21 02:13:14,plates/NHA7BF_1771620194.jpg,0.3952158443452044
NHA7BF१००8,2026-02-21 02:14:18,plates/NHA7BF१००8_1771620258.jpg,0.27137009068193385
NHA7BF,2026-02-21 02:14:20,plates/NHA7BF_1771620260.jpg,0.4558711331904325
IND,2026-02-21 02:22:21,plates/IND_1771620741.jpg,0.995926022529602
NII06(L5989,2026-02-21 09:38:46,plates/NII06(L5989_1771646926.jpg,0.27727767072902315
HHO6CL5989,2026-02-21 09:38:47,plates/HHO6CL5989_1771646927.jpg,0.33534164608663697
HHO6CL5९८९,2026-02-21 09:38:48,plates/HHO6CL5९८९_1771646928.jpg,0.24126919192164542
HHO6CL5९89,2026-02-21 09:38:49,plates/HHO6CL5९89_1771646929.jpg,0.29128678696753485
IND,2026-02-21 09:49:21,plates/IND_1771647561.jpg,0.995926022529602
NI06CL5989,2026-02-21 09:49:57,plates/NI06CL5989_1771647597.jpg,0.39045073485793863
HHOSCL५९8,2026-02-21 09:50:00,plates/HHOSCL५९8_1771647600.jpg,0.20351829738980962
HHO६CL५९8,2026-02-21 09:50:09,plates/HHO६CL५९8_1771647609.jpg,0.32124156656525665
HHO6CL598९,2026-02-21 09:50:10,plates/HHO6CL598९_1771647610.jpg,0.22670398054084978
१J1४CY00०२,2026-02-21 10:05:17,plates/१J1४CY00०२_1771648517.jpg,0.4560129046416294
/14CY000२,2026-02-21 10:05:28,plates//14CY000२_1771648528.jpg,0.36237999782646585
^)1/0/0,2026-02-21 10:05:35,plates/^)1/0/0_1771648535.jpg,0.020429819461425355
RJIZCYOC,2026-02-21 10:05:36,plates/RJIZCYOC_1771648536.jpg,0.42236863541551894
RJILCYOOO,2026-02-21 10:05:44,plates/RJILCYOOO_1771648544.jpg,0.5082398354630999
१J14CY000२,2026-02-21 10:05:59,plates/१J14CY000२_1771648559.jpg,0.3604738851213184
RJ1४CYOOO,2026-02-21 10:06:00,plates/RJ1४CYOOO_1771648560.jpg,0.5159791370425522
I४CY000२,2026-02-21 10:06:01,plates/I४CY000२_1771648561.jpg,0.4103032764099913
IND,2026-02-21 10:06:36,plates/IND_1771648596.jpg,0.9999241546673724
HHOECL5९89,2026-02-21 10:40:42,plates/HHOECL5९89_1771650642.jpg,0.5421397548846547
NHOSCL5९८9,2026-02-21 10:40:57,plates/NHOSCL5९८9_1771650657.jpg,0.4223851056789725
OUUE00,2026-02-21 10:41:04,plates/OUUE00_1771650664.jpg,0.020067853138662644
HHO6CL5989,2026-02-21 10:41:11,plates/HHO6CL5989_1771650671.jpg,0.6419426125509718
NHO6CL5९89,2026-02-21 10:41:12,plates/NHO6CL5९89_1771650672.jpg,0.2663046923362873
NHO6CL5९८९,2026-02-21 10:41:13,plates/NHO6CL5९८९_1771650673.jpg,0.1921349616956439
5989HHOSCLE,2026-02-21 10:41:14,plates/5989HHOSCLE_1771650674.jpg,0.6379602531164157
NHOSCLE5989,2026-02-21 10:41:15,plates/NHOSCLE5989_1771650675.jpg,0.6340965946620345
NHOSCL5989,2026-02-21 10:41:17,plates/NHOSCL5989_1771650677.jpg,0.7368717932734801
HHO6CL5९८9,2026-02-21 10:41:18,plates/HHO6CL5९८9_1771650678.jpg,0.18214820707736634
NHOSCL5९८९,2026-02-21 10:41:19,plates/NHOSCL5९८९_1771650679.jpg,0.22941326857476013
HHO6CL5९८९,2026-02-21 10:41:21,plates/HHO6CL5९८९_1771650681.jpg,0.2668165026007077
NHHOSCL5९८९,2026-02-21 10:41:23,plates/NHHOSCL5९८९_1771650683.jpg,0.14637431042313412
NHO6CL5९८9,2026-02-21 10:41:24,plates/NHO6CL5९८9_1771650684.jpg,0.20915497782147996
HHOSCL5९८9,2026-02-21 10:41:27,plates/HHOSCL5९८9_1771650687.jpg,0.23008586044185075
NHO6CL5९8९,2026-02-21 10:41:32,plates/NHO6CL5९8९_1771650692.jpg,0.3624744590931036
NHO6CL5989,2026-02-21 10:41:34,plates/NHO6CL5989_1771650694.jpg,0.55428928563919
MHOSCL5९८९,2026-02-21 10:41:38,plates/MHOSCL5९८९_1771650698.jpg,0.3659993014340728
NHO6CL५९८9,2026-02-21 10:41:42,plates/NHO6CL५९८9_1771650702.jpg,0.1949934924000386
INDHH14JR143६,2026-02-21 10:42:16,plates/INDHH14JR143६_1771650736.jpg,0.6795748129603197
HHO6CL५९४3,2026-02-21 10:43:20,plates/HHO6CL५९४3_1771650800.jpg,0.2800338951072085
HH26CL5९89,2026-02-21 10:43:21,plates/HH26CL5९89_1771650801.jpg,0.06745323601957966
HH06(L5989,2026-02-21 10:43:22,plates/HH06(L5989_1771650802.jpg,0.34905537676203297
HH00(L5989(0.35),2026-02-21 10:43:23,plates/HH00(L5989(0.35)_1771650803.jpg,0.33439348508032235
HHOBI[%,2026-02-21 10:43:27,plates/HHOBI[%_1771650807.jpg,0.009981958485337934
HHOSCLS९8९,2026-02-21 10:43:28,plates/HHOSCLS९8९_1771650808.jpg,0.3162258218825685
HHO6CL5९89,2026-02-21 10:43:28,plates/HHO6CL5९89_1771650808.jpg,0.3953130871644745
NHO6CL5९८९,2026-02-21 10:43:29,plates/NHO6CL5९८९_1771650809.jpg,0.26209552697273425
NHO6CL5९89,2026-02-21 10:43:30,plates/NHO6CL5९89_1771650810.jpg,0.422464158595623
NHO6CL598९,2026-02-21 10:43:30,plates/NHO6CL598९_1771650810.jpg,0.2529510347710775
NHO6CL5९8९,2026-02-21 10:43:31,plates/NHO6CL5९8९_1771650811.jpg,0.22671892320070403
NHO6CL5९८9,2026-02-21 10:43:32,plates/NHO6CL5९८9_1771650812.jpg,0.34693142050843506
HHOSCL5९८९,2026-02-21 10:43:34,plates/HHOSCL5९८९_1771650814.jpg,0.2848499803459128
DLWZWLVक़T१भR,2026-02-21 10:43:38,plates/DLWZWLVक़T१भR_1771650818.jpg,0.0007538298238436028
NHO&CL5९८९,2026-02-21 10:43:39,plates/NHO&CL5९८९_1771650819.jpg,0.20550397754556998
NHO6CL5989,2026-02-21 10:43:40,plates/NHO6CL5989_1771650820.jpg,0.4776846328373614
MHOSCL598९,2026-02-21 10:43:40,plates/MHOSCL598९_1771650820.jpg,0.33652440294991637
NHOSCL5९89,2026-02-21 10:43:42,plates/NHOSCL5९89_1771650822.jpg,0.25431122649347926
NHOSCL5९8९,2026-02-21 10:43:45,plates/NHOSCL5९8९_1771650825.jpg,0.20376594082930907
NHOSCL5९८९,2026-02-21 10:43:47,plates/NHOSCL5९८९_1771650827.jpg,0.24074225992295684
MHOSCL5९८9,2026-02-21 10:43:47,plates/MHOSCL5९८9_1771650827.jpg,0.34068661602703343
MHOSCL5९८९,2026-02-21 10:43:49,plates/MHOSCL5९८९_1771650829.jpg,0.250540717923367
NHOSCL5९८9,2026-02-21 10:43:50,plates/NHOSCL5९८9_1771650830.jpg,0.3192497916903447
HHOSCL59८9,2026-02-21 10:43:51,plates/HHOSCL59८9_1771650831.jpg,0.1662491807369469
MHO6CL59८९,2026-02-21 10:43:53,plates/MHO6CL59८९_1771650833.jpg,0.168619961225511
HHOSCL5९८9,2026-02-21 10:43:56,plates/HHOSCL5९८9_1771650836.jpg,0.5340459272965269
HHO6CL5९८9,2026-02-21 10:43:57,plates/HHO6CL5९८9_1771650837.jpg,0.19217215704978424
NHO&CL5९८9,2026-02-21 10:43:58,plates/NHO&CL5९८9_1771650838.jpg,0.13978524324422698
HHO6CL5९८९,2026-02-21 10:43:59,plates/HHO6CL5९८९_1771650839.jpg,0.23576809884473135
NHO६CL5९८9,2026-02-21 10:44:00,plates/NHO६CL5९८9_1771650840.jpg,0.23968015413607344
NHO६CL5९८९,2026-02-21 10:44:03,plates/NHO६CL5९८९_1771650843.jpg,0.16289835014915924
IHO६CL5९८9,2026-02-21 10:44:06,plates/IHO६CL5९८9_1771650846.jpg,0.1572874292090636
HHO&CL5९८९,2026-02-21 10:44:10,plates/HHO&CL5९८९_1771650850.jpg,0.17682285502122314
NHO&CL५९८९,2026-02-21 10:44:10,plates/NHO&CL५९८९_1771650850.jpg,0.2090312940808952
6000NLUUTL,2026-02-21 10:48:00,plates/6000NLUUTL_1771651080.jpg,0.13029238086612938
MIHO6CL5९८९,2026-02-21 10:48:01,plates/MIHO6CL5९८९_1771651081.jpg,0.12334930447329479
INDMTTSOITVAHH06CL5989,2026-02-21 10:48:33,plates/INDMTTSOITVAHH06CL5989_1771651113.jpg,0.5833054491372294
INDHH14JR143६,2026-02-21 10:52:36,plates/INDHH14JR143६_1771651356.jpg,0.6795748129603197
INDMTTSOITVAHH06CL5989,2026-02-21 11:08:47,plates/INDMTTSOITVAHH06CL5989_1771652327.jpg,0.5833054491372294
NHG2FY9495,2026-02-21 11:10:02,plates/NHG2FY9495_1771652402.jpg,0.8365730459274192
NHG2FY1415,2026-02-21 11:10:04,plates/NHG2FY1415_1771652404.jpg,0.618096334674953
HHG2FY1415,2026-02-21 11:10:05,plates/HHG2FY1415_1771652405.jpg,0.6824288424241376
MHG2FY1415,2026-02-21 11:10:21,plates/MHG2FY1415_1771652421.jpg,0.496847434869579
IIIU2FY141,2026-02-21 11:10:23,plates/IIIU2FY141_1771652423.jpg,0.045963611391102874
NN48C18173,2026-02-21 11:11:38,plates/NN48C18173_1771652498.jpg,0.1670284060785674
HH48CT8173,2026-02-21 11:11:49,plates/HH48CT8173_1771652509.jpg,0.49623381597509103
HHZRFT11,2026-02-21 11:11:51,plates/HHZRFT11_1771652511.jpg,0.020755105077190427
OHZ8CT8173,2026-02-21 11:12:33,plates/OHZ8CT8173_1771652553.jpg,0.09384726279099935
NIIABCT0173,2026-02-21 11:12:35,plates/NIIABCT0173_1771652555.jpg,0.22458464797531233
NH48C8173,2026-02-21 11:12:36,plates/NH48C8173_1771652556.jpg,0.17186697128402473
NH48C18173,2026-02-21 11:12:39,plates/NH48C18173_1771652559.jpg,0.4273358613577553
N48CT8173,2026-02-21 11:12:40,plates/N48CT8173_1771652560.jpg,0.24549880773099897
NII48CT8173,2026-02-21 11:12:41,plates/NII48CT8173_1771652561.jpg,0.5040139471831138
IH48CT8173,2026-02-21 11:12:43,plates/IH48CT8173_1771652563.jpg,0.267746214973357
NN48CT8173,2026-02-21 11:12:44,plates/NN48CT8173_1771652564.jpg,0.40702455064692117
NH48CT8173,2026-02-21 11:12:44,plates/NH48CT8173_1771652564.jpg,0.743488030066831
NIIZOCT817,2026-02-21 11:12:46,plates/NIIZOCT817_1771652566.jpg,0.21048589630844522
INDHH14JR1436,2026-02-21 11:20:12,plates/INDHH14JR1436_1771653012.jpg,0.6795748129603197
NHOZFR4570,2026-02-21 11:26:57,plates/NHOZFR4570_1771653417.jpg,0.4751154120249158
HHOZFR4570,2026-02-21 11:27:01,plates/HHOZFR4570_1771653421.jpg,0.4614244158516346
MHOZFR4570,2026-02-21 11:27:03,plates/MHOZFR4570_1771653423.jpg,0.5394368074406628
NIIOIEJO90,2026-02-21 11:27:18,plates/NIIOIEJO90_1771653438.jpg,0.1192673245506365
1IIIO0099,2026-02-21 11:27:24,plates/1IIIO0099_1771653444.jpg,0.38538183213006194
NIO1E0099,2026-02-21 11:27:27,plates/NIO1E0099_1771653447.jpg,0.24310883653626214
NIIOIEJ09J9,2026-02-21 11:27:28,plates/NIIOIEJ09J9_1771653448.jpg,0.06685077109769837
IHO1EJO979,2026-02-21 11:27:29,plates/IHO1EJO979_1771653449.jpg,0.11584438906850643
010P8899,2026-02-21 11:33:53,plates/010P8899_1771653833.jpg,0.6453817633284102
IHU1DP8819,2026-02-21 11:33:54,plates/IHU1DP8819_1771653834.jpg,0.1360947911090903
NHODDP8811,2026-02-21 11:33:55,plates/NHODDP8811_1771653835.jpg,0.18798184459182968
IHG1DP8811,2026-02-21 11:33:56,plates/IHG1DP8811_1771653836.jpg,0.4785206655030882
HHO1DP8811,2026-02-21 11:33:56,plates/HHO1DP8811_1771653836.jpg,0.27260068931765
HHG1DP8811,2026-02-21 11:33:57,plates/HHG1DP8811_1771653837.jpg,0.28404462388417245
MHO1DP8811,2026-02-21 11:33:59,plates/MHO1DP8811_1771653839.jpg,0.3575848992749565
NIIOTIPIO99,2026-02-21 11:34:01,plates/NIIOTIPIO99_1771653841.jpg,0.04740441019856458
I01DP8811,2026-02-21 11:38:13,plates/I01DP8811_1771654093.jpg,0.28620926643114963
NHDLDP8819,2026-02-21 11:38:17,plates/NHDLDP8819_1771654097.jpg,0.2628979327045763
H010P4810,2026-02-21 11:38:27,plates/H010P4810_1771654107.jpg,0.05677743437880647
NHO1DP8811,2026-02-21 11:38:28,plates/NHO1DP8811_1771654108.jpg,0.17938497221616018
HHO1DP8811,2026-02-21 11:38:29,plates/HHO1DP8811_1771654109.jpg,0.15712839133585058
NHO1DP8819,2026-02-21 11:38:31,plates/NHO1DP8819_1771654111.jpg,0.09793563583986309
NHOLDP8811,2026-02-21 11:38:31,plates/NHOLDP8811_1771654111.jpg,0.29551189592118543
IIIL1III0099,2026-02-21 11:43:34,plates/IIIL1III0099_1771654414.jpg,0.011259427245086865
IHG1DP8811,2026-02-21 11:43:39,plates/IHG1DP8811_1771654419.jpg,0.340635773191057
NHO1DP8811,2026-02-21 11:43:40,plates/NHO1DP8811_1771654420.jpg,0.45722225174592834
MHO1DP8811,2026-02-21 11:43:43,plates/MHO1DP8811_1771654423.jpg,0.3735301392882603
NHG1DP8811,2026-02-21 11:43:44,plates/NHG1DP8811_1771654424.jpg,0.20399553687839617
HHO1DP8811,2026-02-21 11:43:47,plates/HHO1DP8811_1771654427.jpg,0.35309487021584784
IHO1DP8811,2026-02-21 11:43:48,plates/IHO1DP8811_1771654428.jpg,0.2816261984727198
HHOLDP8811,2026-02-21 11:43:48,plates/HHOLDP8811_1771654428.jpg,0.19035666425151873
NHOLDP8811,2026-02-21 11:43:49,plates/NHOLDP8811_1771654429.jpg,0.27903974151067584
INDMTTSOITVAHH06CL5989,2026-02-21 11:45:45,plates/INDMTTSOITVAHH06CL5989_1771654545.jpg,0.5833054491372294
IH84505,2026-02-21 23:30:39,plates/IH84505_1771696839.jpg,0.06664787557262453
HR44Y505,2026-02-21 23:30:41,plates/HR44Y505_1771696841.jpg,0.1412174781995845
IH485057,2026-02-21 23:30:43,plates/IH485057_1771696843.jpg,0.13971279235335532
IH48505,2026-02-21 23:30:46,plates/IH48505_1771696846.jpg,0.18644324899581352
IHI48505,2026-02-21 23:30:48,plates/IHI48505_1771696848.jpg,0.058625534588159826
IIL48505,2026-02-21 23:30:55,plates/IIL48505_1771696855.jpg,0.036346972034764474
NII48505,2026-02-21 23:30:58,plates/NII48505_1771696858.jpg,0.04454024512486053
HN44505,2026-02-21 23:31:00,plates/HN44505_1771696860.jpg,0.06435343228106179
HH48505,2026-02-21 23:31:03,plates/HH48505_1771696863.jpg,0.311159963949346
IH485050,2026-02-21 23:31:04,plates/IH485050_1771696864.jpg,0.11320669644563813
HR505940,2026-02-21 23:31:07,plates/HR505940_1771696867.jpg,0.29092948443136635
NH445050,2026-02-21 23:31:08,plates/NH445050_1771696868.jpg,0.18167923051327434
INDMTTSOITVAHH06CL5989,2026-02-21 23:38:01,plates/INDMTTSOITVAHH06CL5989_1771697281.jpg,0.5833054491372294
12X78779,2026-02-26 16:55:24,plates/12X78779_1772105124.jpg,0.4227793438685469
NH12XT8779,2026-02-26 16:55:25,plates/NH12XT8779_1772105125.jpg,0.9085823031325998
HH12XT8779,2026-02-26 16:55:29,plates/HH12XT8779_1772105129.jpg,0.7139206794711085
N127773,2026-02-26 16:55:41,plates/N127773_1772105141.jpg,0.21270114061791076
NH1ZXT8779,2026-02-26 16:55:45,plates/NH1ZXT8779_1772105145.jpg,0.2559646108952722
NHIZXT8779,2026-02-26 16:55:46,plates/NHIZXT8779_1772105146.jpg,0.29692014801450145
NH12YT8779,2026-02-26 16:55:47,plates/NH12YT8779_1772105147.jpg,0.719649722534057
NHI2XT8779,2026-02-26 16:55:52,plates/NHI2XT8779_1772105152.jpg,0.29149813375293027
MH12XTE779,2026-02-26 16:55:53,plates/MH12XTE779_1772105153.jpg,0.29565811610311993
TH12XT8779,2026-02-26 16:55:57,plates/TH12XT8779_1772105157.jpg,0.3537981197313761
1121277,2026-02-26 16:56:11,plates/1121277_1772105171.jpg,0.08140250630349155
42Y18773,2026-02-26 16:56:16,plates/42Y18773_1772105176.jpg,0.15937576980736137
11218779,2026-02-26 16:56:24,plates/11218779_1772105184.jpg,0.6458410812452698
0NH12XT8779,2026-02-26 16:56:31,plates/0NH12XT8779_1772105191.jpg,0.5508589401839155
N0NH12XT8779,2026-02-26 16:56:32,plates/N0NH12XT8779_1772105192.jpg,0.8829286584769631
NDNH12XT8779,2026-02-26 16:56:36,plates/NDNH12XT8779_1772105196.jpg,0.5243880656803759
ND7200126HH12X18779,2026-02-26 17:50:56,plates/ND7200126HH12X18779_1772108456.jpg,0.39345529913857574
INDH12XT8779OHRVE,2026-02-26 17:53:20,plates/INDH12XT8779OHRVE_1772108600.jpg,0.8005785172875534
1H12YT8779,2026-02-26 17:59:08,plates/1H12YT8779_1772108948.jpg,0.10347904251760617
NN128779,2026-02-26 17:59:17,plates/NN128779_1772108957.jpg,0.3144078112447091
NN12YT8779,2026-02-26 17:59:18,plates/NN12YT8779_1772108958.jpg,0.5752199647877932
NH12118779,2026-02-26 17:59:20,plates/NH12118779_1772108960.jpg,0.3699861854596462
NH12YT8779,2026-02-26 17:59:21,plates/NH12YT8779_1772108961.jpg,0.5508830871436594
NH12KT8773,2026-02-26 17:59:22,plates/NH12KT8773_1772108962.jpg,0.5297319427068075
NH12X18779,2026-02-26 17:59:23,plates/NH12X18779_1772108963.jpg,0.39824327315696756
NH12Y18779,2026-02-26 17:59:24,plates/NH12Y18779_1772108964.jpg,0.1533650301998887
NH1218779,2026-02-26 17:59:26,plates/NH1218779_1772108966.jpg,0.24041255851010546
NN1218779,2026-02-26 17:59:29,plates/NN1218779_1772108969.jpg,0.2363475676237389
NN12Y18779,2026-02-26 17:59:30,plates/NN12Y18779_1772108970.jpg,0.32458111326318007
0128773,2026-02-26 17:59:32,plates/0128773_1772108972.jpg,0.1049617539688314
NN12T8779,2026-02-26 17:59:33,plates/NN12T8779_1772108973.jpg,0.4988749812784962
1N128779,2026-02-26 17:59:34,plates/1N128779_1772108974.jpg,0.12819644342227102
71218779,2026-02-26 17:59:47,plates/71218779_1772108987.jpg,0.12944788318361855
1218779,2026-02-26 17:59:48,plates/1218779_1772108988.jpg,0.38489557887577763
N128779,2026-02-26 17:59:49,plates/N128779_1772108989.jpg,0.1187752355903144
WNU28779,2026-02-26 17:59:49,plates/WNU28779_1772108989.jpg,0.14960489512035016
N1218779,2026-02-26 17:59:51,plates/N1218779_1772108991.jpg,0.39276011163870195
N12118779,2026-02-26 17:59:57,plates/N12118779_1772108997.jpg,0.3229535552449667
NN12KT8779,2026-02-26 17:59:58,plates/NN12KT8779_1772108998.jpg,0.3176625595178355
NIIIZYIUU,2026-02-26 18:00:01,plates/NIIIZYIUU_1772109001.jpg,0.054153781192998664
NNI2YTB77,2026-02-26 18:00:02,plates/NNI2YTB77_1772109002.jpg,0.13635419982146138
012118779,2026-02-26 18:00:04,plates/012118779_1772109004.jpg,0.5118736341529494
NI12K10779,2026-02-26 18:00:05,plates/NI12K10779_1772109005.jpg,0.16013119905279352
NN12Y079,2026-02-26 18:00:06,plates/NN12Y079_1772109006.jpg,0.06452143619063122
NNI2Y8779,2026-02-26 18:00:07,plates/NNI2Y8779_1772109007.jpg,0.10551801001672587
01128779,2026-02-26 18:00:09,plates/01128779_1772109009.jpg,0.1425529537262925
INI2YT8779,2026-02-26 18:00:11,plates/INI2YT8779_1772109011.jpg,0.15551109801800217
11218779,2026-02-26 18:00:19,plates/11218779_1772109019.jpg,0.1994712663704639
178773,2026-02-26 18:00:20,plates/178773_1772109020.jpg,0.15918765453394376
NH12XT8779,2026-02-26 18:00:23,plates/NH12XT8779_1772109023.jpg,0.6095784794958533
12X18779,2026-02-26 18:00:32,plates/12X18779_1772109032.jpg,0.4179922090751671
HH1ZXT8779,2026-02-26 18:00:33,plates/HH1ZXT8779_1772109033.jpg,0.3492369573901845
HH12XT8779,2026-02-26 18:00:34,plates/HH12XT8779_1772109034.jpg,0.8540494010084054
TH12XT8779,2026-02-26 18:00:36,plates/TH12XT8779_1772109036.jpg,0.7529591869050287
OIBOPDAS,2026-02-26 18:00:49,plates/OIBOPDAS_1772109049.jpg,0.16135825945104745
OBOLPAA,2026-02-26 18:00:56,plates/OBOLPAA_1772109056.jpg,0.16223283385858664
NII12Y1070,2026-02-26 18:01:10,plates/NII12Y1070_1772109070.jpg,0.19706398180691084
NLL1001000,2026-02-26 18:02:11,plates/NLL1001000_1772109131.jpg,0.2525036089620065
NH15J3006,2026-02-26 18:02:12,plates/NH15J3006_1772109132.jpg,0.37304980933824056
NH15JJ006,2026-02-26 18:02:13,plates/NH15JJ006_1772109133.jpg,0.3213015987790814
UN15USD00S,2026-02-26 18:02:14,plates/UN15USD00S_1772109134.jpg,0.19194057710949672
NH15JSJ006,2026-02-26 18:02:15,plates/NH15JSJ006_1772109135.jpg,0.20677601129333306
NH15J006,2026-02-26 18:02:16,plates/NH15J006_1772109136.jpg,0.37590995652170706
NH15JS006,2026-02-26 18:02:17,plates/NH15JS006_1772109137.jpg,0.2850275715723035
NN15J006,2026-02-26 18:02:20,plates/NN15J006_1772109140.jpg,0.38836102220973956
NI15JJ006,2026-02-26 18:02:21,plates/NI15JJ006_1772109141.jpg,0.14861177925608776
153006NH,2026-02-26 18:02:25,plates/153006NH_1772109145.jpg,0.7984190631054118
HAVENWASIMBHAL22022620PM,2026-02-26 18:02:28,plates/HAVENWASIMBHAL22022620PM_1772109148.jpg,0.6463408188893415
HH15J3006,2026-02-26 18:02:31,plates/HH15J3006_1772109151.jpg,0.370085627611153
NH15JS3006,2026-02-26 18:02:33,plates/NH15JS3006_1772109153.jpg,0.21844995657894206
NN15J3006,2026-02-26 18:02:34,plates/NN15J3006_1772109154.jpg,0.14443462106232857
IN15J3006,2026-02-26 18:02:37,plates/IN15J3006_1772109157.jpg,0.24107952371103816
IH15J006,2026-02-26 18:02:39,plates/IH15J006_1772109159.jpg,0.19620601440740648
IH15J3006,2026-02-26 18:02:40,plates/IH15J3006_1772109160.jpg,0.1418537061235849
NNISDSDOO,2026-02-26 18:02:45,plates/NNISDSDOO_1772109165.jpg,0.16171458631933236
INDNH15J3006OWTOEEVEN,2026-02-26 18:03:15,plates/INDNH15J3006OWTOEEVEN_1772109195.jpg,0.5655939279245626
INDNH15J3006OWTOEEVEN,2026-02-26 18:03:30,plates/INDNH15J3006OWTOEEVEN_1772109210.jpg,0.4845647643101254
HH14J2146,2026-02-26 18:09:14,plates/HH14J2146_1772109554.jpg,0.23643219555718226
NH14JR14J6,2026-02-26 18:09:23,plates/NH14JR14J6_1772109563.jpg,0.25807549327458423
NLLIAILL14,2026-02-26 18:09:26,plates/NLLIAILL14_1772109566.jpg,0.2711792851350035
1HI4401,2026-02-26 18:09:34,plates/1HI4401_1772109574.jpg,0.007481564236818238
NIIIAII4,2026-02-26 18:09:47,plates/NIIIAII4_1772109587.jpg,0.12025731228430148
1H1AUR136,2026-02-26 18:09:50,plates/1H1AUR136_1772109590.jpg,0.10209065318012192
I1AUN1436,2026-02-26 18:09:55,plates/I1AUN1436_1772109595.jpg,0.0076838661686120455
HH14JR1436,2026-02-26 18:10:00,plates/HH14JR1436_1772109600.jpg,0.17431071431316916
HH14JR1426,2026-02-26 18:10:04,plates/HH14JR1426_1772109604.jpg,0.17053822556827156
CTA,2026-02-26 18:10:47,plates/CTA_1772109647.jpg,0.010023404708155765
I01H153006UENEN,2026-02-26 18:10:52,plates/I01H153006UENEN_1772109652.jpg,0.15367708814002476
RRTRTILLLGLIL,2026-02-26 18:11:07,plates/RRTRTILLLGLIL_1772109667.jpg,0.007841113318514099
2743IND1H1530062EVENFAI,2026-02-26 18:11:29,plates/2743IND1H1530062EVENFAI_1772109689.jpg,0.23827463417453146
HH14JR1436,2026-02-26 18:14:01,plates/HH14JR1436_1772109841.jpg,0.05929145268010467
1143R1436,2026-02-26 18:14:06,plates/1143R1436_1772109846.jpg,0.22541500311083046
HHTAUR1I36,2026-02-26 18:14:09,plates/HHTAUR1I36_1772109849.jpg,0.04714317737232163
HH14JR1426,2026-02-26 18:14:14,plates/HH14JR1426_1772109854.jpg,0.2290669092245778
NH14JR1476,2026-02-26 18:14:19,plates/NH14JR1476_1772109859.jpg,0.20865086115084844
NIIIAIR14,2026-02-26 18:14:26,plates/NIIIAIR14_1772109866.jpg,0.05766494060594986
RRTRTILLLGLIL,2026-02-26 18:14:57,plates/RRTRTILLLGLIL_1772109897.jpg,0.007841113318514099
CTA,2026-02-26 18:15:05,plates/CTA_1772109905.jpg,0.010023404708155765
I01H153006UENEN,2026-02-26 18:15:12,plates/I01H153006UENEN_1772109912.jpg,0.15367708814002476
I01H153006UENEN,2026-02-26 18:15:24,plates/I01H153006UENEN_1772109924.jpg,0.15367708814002476
2743IND1H1530062EVENFAI,2026-02-26 18:15:47,plates/2743IND1H1530062EVENFAI_1772109947.jpg,0.23827463417453146
RRTRTILLLGLIL,2026-02-26 18:15:47,plates/RRTRTILLLGLIL_1772109947.jpg,0.007841113318514099
CTA,2026-02-26 18:15:55,plates/CTA_1772109955.jpg,0.010023404708155765
2743IND1H1530062EVENFAI,2026-02-26 18:16:18,plates/2743IND1H1530062EVENFAI_1772109978.jpg,0.23827463417453146
RRTRTILLLGLIL,2026-02-26 18:16:58,plates/RRTRTILLLGLIL_1772110018.jpg,0.007841113318514099
CTA,2026-02-26 18:17:07,plates/CTA_1772110027.jpg,0.010023404708155765
I01H153006UENEN,2026-02-26 18:17:13,plates/I01H153006UENEN_1772110033.jpg,0.15367708814002476
714C10002,2026-02-26 18:17:35,plates/714C10002_1772110055.jpg,0.29056251885998796
RJ14C10002,2026-02-26 18:17:39,plates/RJ14C10002_1772110059.jpg,0.6692689398886409
1J14CY0002,2026-02-26 18:17:42,plates/1J14CY0002_1772110062.jpg,0.13928987973717147
2743IND1H1530062EVENFAI,2026-02-26 18:17:46,plates/2743IND1H1530062EVENFAI_1772110066.jpg,0.23827463417453146
RJ14CY0002,2026-02-26 18:17:46,plates/RJ14CY0002_1772110066.jpg,0.3210981786328632
1J14C0002,2026-02-26 18:17:48,plates/1J14C0002_1772110068.jpg,0.4138142463473816
INDRJ14C10002,2026-02-26 18:18:35,plates/INDRJ14C10002_1772110115.jpg,0.7180832879681045
INDRJ14C10002,2026-02-26 18:21:56,plates/INDRJ14C10002_1772110316.jpg,0.8537069918852
11110007,2026-02-26 18:22:34,plates/11110007_1772110354.jpg,0.2688669097628298
44RJ14C10002,2026-02-26 18:22:38,plates/44RJ14C10002_1772110358.jpg,0.48896069624776184
RJ14C10002,2026-02-26 18:22:43,plates/RJ14C10002_1772110363.jpg,0.43953019007489524
RUIICIOOOZ,2026-02-26 18:22:47,plates/RUIICIOOOZ_1772110367.jpg,0.05815932558502821
NIOIIQ,2026-02-26 18:22:49,plates/NIOIIQ_1772110369.jpg,0.025474270746113137
RJIACTOOO7,2026-02-26 18:22:52,plates/RJIACTOOO7_1772110372.jpg,0.19638116280184362
RJ14CY0002,2026-02-26 18:22:54,plates/RJ14CY0002_1772110374.jpg,0.790427514721232
WIARJ14C10002,2026-02-26 18:22:57,plates/WIARJ14C10002_1772110377.jpg,0.3243338392323591
K1710002,2026-02-26 18:23:02,plates/K1710002_1772110382.jpg,0.2699736994536328
NH121Y8773,2026-02-26 18:23:26,plates/NH121Y8773_1772110406.jpg,0.10056993951950954
NN12118779,2026-02-26 18:23:33,plates/NN12118779_1772110413.jpg,0.22418027192427173
NNI2118779,2026-02-26 18:23:36,plates/NNI2118779_1772110416.jpg,0.4721296235044162
NHIPI1R779,2026-02-26 18:23:39,plates/NHIPI1R779_1772110419.jpg,0.14825086475098428
HI1YUIRP0,2026-02-26 18:23:45,plates/HI1YUIRP0_1772110425.jpg,0.026047263846876764
NH12118779,2026-02-26 18:23:47,plates/NH12118779_1772110427.jpg,0.8880259641309992
INDHH12X18779,2026-02-26 18:25:03,plates/INDHH12X18779_1772110503.jpg,0.7548117232270413
INDHH12X18779,2026-02-26 18:29:47,plates/INDHH12X18779_1772110787.jpg,0.7548117232270413
HH15JS3006,2026-02-26 18:30:20,plates/HH15JS3006_1772110820.jpg,0.14507666988020007
HH15JSJ006,2026-02-26 18:30:22,plates/HH15JSJ006_1772110822.jpg,0.5043379950849985
NH15JSJ006,2026-02-26 18:30:29,plates/NH15JSJ006_1772110829.jpg,0.5367268050886114
TH15J1006,2026-02-26 18:30:31,plates/TH15J1006_1772110831.jpg,0.6749445113503943
HH15JJ0R6,2026-02-26 18:30:35,plates/HH15JJ0R6_1772110835.jpg,0.1652581514999017
TI11II4,2026-02-26 18:30:38,plates/TI11II4_1772110838.jpg,0.06597375421417126
NI11EJS006,2026-02-26 18:30:44,plates/NI11EJS006_1772110844.jpg,0.13688071309431343
II15JSD006,2026-02-26 18:30:45,plates/II15JSD006_1772110845.jpg,0.16306227381199226
NH1SJSJU6,2026-02-26 18:30:48,plates/NH1SJSJU6_1772110848.jpg,0.06797280284381968
NI15JS0NT,2026-02-26 18:30:49,plates/NI15JS0NT_1772110849.jpg,0.06661041607201343
IN11550006,2026-02-26 18:30:52,plates/IN11550006_1772110852.jpg,0.0789933762007007
HN15JS00,2026-02-26 18:30:54,plates/HN15JS00_1772110854.jpg,0.06036722915685871
AHYYUS,2026-02-26 23:43:45,plates/AHYYUS_1772129625.jpg,0.1494721510515267
AHU1TUCSO0,2026-02-26 23:43:52,plates/AHU1TUCSO0_1772129632.jpg,0.09600289631087944
HO27U6S00,2026-02-26 23:43:55,plates/HO27U6S00_1772129635.jpg,0.30802633622285197
AH02FU6500,2026-02-26 23:43:59,plates/AH02FU6500_1772129639.jpg,0.20047021359710246
HH0ZFU6S00,2026-02-26 23:44:01,plates/HH0ZFU6S00_1772129641.jpg,0.1960157243258868
HH15JSJ006,2026-02-27 00:13:17,plates/HH15JSJ006_1772131397.jpg,0.2537129110621454
PLLVQDZHH15JSJ006,2026-02-27 00:13:22,plates/PLLVQDZHH15JSJ006_1772131402.jpg,0.08201619982719421
1H11110,2026-02-27 00:13:38,plates/1H11110_1772131418.jpg,0.11561400056114568
5J53006,2026-02-27 00:13:45,plates/5J53006_1772131425.jpg,0.8288153052826921
NH15SJ006,2026-02-27 00:13:47,plates/NH15SJ006_1772131427.jpg,0.34678511941648466
HH15JJ0N6,2026-02-27 00:13:49,plates/HH15JJ0N6_1772131429.jpg,0.15025881638288213
NN02CU6S00,2026-02-27 01:19:50,plates/NN02CU6S00_1772135390.jpg,0.21429998078274906
TH02F065,2026-02-27 01:23:25,plates/TH02F065_1772135605.jpg,0.5030242949343933
HH02FU6500,2026-02-27 01:23:28,plates/HH02FU6500_1772135608.jpg,0.2772806955289642
HH0RFU6500,2026-02-27 01:23:31,plates/HH0RFU6500_1772135611.jpg,0.2753618598913199
RH0270650,2026-02-27 01:23:34,plates/RH0270650_1772135614.jpg,0.26639777223004957
HH027U6500,2026-02-27 01:23:40,plates/HH027U6500_1772135620.jpg,0.7073285034926118
HH02FU6S00,2026-02-27 01:23:43,plates/HH02FU6S00_1772135623.jpg,0.38558937068236926
AH10ZIIIV,2026-02-27 01:23:53,plates/AH10ZIIIV_1772135633.jpg,0.08516342857662379
HH02FUSS00,2026-02-27 01:23:55,plates/HH02FUSS00_1772135635.jpg,0.439442140552753
HH0ZFUSSO0,2026-02-27 01:24:02,plates/HH0ZFUSSO0_1772135642.jpg,0.48150933426920367
HH07FU6500,2026-02-27 01:24:04,plates/HH07FU6500_1772135644.jpg,0.4482557763079333
4H077IIS500,2026-02-27 01:24:06,plates/4H077IIS500_1772135646.jpg,0.26237885796113664
INDHH12X18779,2026-02-27 01:45:00,plates/INDHH12X18779_1772136900.jpg,0.7548117232270413
INDHR98AA7777,2026-02-27 01:58:36,plates/INDHR98AA7777_1772137716.jpg,0.7963238601501649
INDHR98AA7777,2026-02-27 02:01:58,plates/INDHR98AA7777_1772137918.jpg,0.7963238601501649
INDHH14JR1436,2026-02-27 02:04:15,plates/INDHH14JR1436_1772138055.jpg,0.9068284891640277
INDHR98AA7777,2026-02-27 02:05:02,plates/INDHR98AA7777_1772138102.jpg,0.7963238601501649
IN1DHR98AA7777,2026-02-27 02:15:18,plates/IN1DHR98AA7777_1772138718.jpg,0.6602705264507596
MHG5E17027,2026-03-04 15:34:56,plates/MHG5E17027_1772618696.jpg,0.40654537849084454
HHG5E7O27,2026-03-04 15:34:58,plates/HHG5E7O27_1772618698.jpg,0.20670070554171502
HHGSEV7027,2026-03-04 15:35:01,plates/HHGSEV7027_1772618701.jpg,0.26385988255549625
HHGSE7G27,2026-03-04 15:35:06,plates/HHGSE7G27_1772618706.jpg,0.37191155283488575
HHG5EV7027,2026-03-04 15:35:25,plates/HHG5EV7027_1772618725.jpg,0.5832715356228942
HHG5EV7G27,2026-03-04 15:35:28,plates/HHG5EV7G27_1772618728.jpg,0.639164658023638
MHU5E7627,2026-03-04 15:35:36,plates/MHU5E7627_1772618736.jpg,0.49502410003483266
MHGSEYTTJ7,2026-03-04 15:35:39,plates/MHGSEYTTJ7_1772618739.jpg,0.1904260632146972
ICDAHGY71,2026-03-04 15:35:50,plates/ICDAHGY71_1772618750.jpg,0.06822309021428916
HH15L77,2026-03-04 15:35:53,plates/HH15L77_1772618753.jpg,0.04853062528099353
NH027URS00,2026-03-04 15:36:01,plates/NH027URS00_1772618761.jpg,0.052569004250721224
HH02FU6500,2026-03-04 15:36:03,plates/HH02FU6500_1772618763.jpg,0.4938558477580577
HO2FU65O0,2026-03-04 15:36:05,plates/HO2FU65O0_1772618765.jpg,0.17028150594496527
INDHH12X18779,2026-03-04 15:36:57,plates/INDHH12X18779_1772618817.jpg,0.7548117232270413
IN1DHR98AA7777,2026-03-04 15:37:38,plates/IN1DHR98AA7777_1772618858.jpg,0.6602705264507596
IN1DHR98AA7777,2026-03-05 11:58:52,plates/IN1DHR98AA7777_1772692132.jpg,0.6602705264507596
